industry,waste_heat_potential_GWh_y,orc_readiness_index,addressable_gwh_y
Cement,420,0.72,114.91199999999999
Steel,680,0.68,175.71200000000002
Glass,180,0.55,37.620000000000005
Chemical,350,0.61,81.13
Textile,120,0.58,26.447999999999997
Non-ferrous,90,0.5,17.1
