Year,Cumulative_Discounted_CF_USD
1,-394444.4444444445
2,-204115.22633744858
3,-27884.46883097093
4,135292.15848984173
5,286381.62823133485
6,426279.2853993841
7,555814.1531475778
8,675753.8455070164
9,786809.1162102004
10,889638.0705650002
11,984850.0653379629
12,1073009.319757373
13,1154638.2590346045
14,1230220.6102172262
15,1300204.2687196538
16,1365003.952518198
17,1425003.659739072
18,1480558.9442028443
19,1531999.0224100407
20,1579628.7244537412
