Variable,Low_NPV_USD,High_NPV_USD
Electricity Price,1108357.6488961752,2050899.800011307
Operating Hours,1108357.6488961752,2050899.800011307
Capital Cost,1734974.0551205585,1424283.393786924
O&M Rate,1614974.0551205585,1544283.393786924
