metric,value
mean,2093298.1611357606
p5,543250.9597332056
p50,2042836.1721296697
p95,3834631.2633442585
prob_negative_npv,0.015
