scenario,annual_generation_kwh,annual_revenue_usd,annual_om_cost_usd,annual_net_cash_flow_usd,initial_investment_usd,npv_usd,roi_percent,payback_years
Conservative,1200000,132000.0,27600.0,104400.0,690000.0,335014.5893377053,202.6086956521739,6.609195402298851
Base,1600000,240000.0,18000.0,222000.0,600000.0,1579628.7244537412,640.0,2.7027027027027026
Optimistic,1700000,323000.0,13500.0,309500.0,540000.0,2498716.622605554,1046.2962962962963,1.7447495961227786
