variable,npv_low_case_usd,npv_high_case_usd,npv_range_usd
Electricity Price,1108357.6488961752,2050899.800011307,942542.1511151318
Operating Hours,1108357.6488961752,2050899.800011307,942542.1511151318
Capital Cost,1734974.0551205585,1424283.393786924,310690.6613336345
O&M Rate,1614974.0551205585,1544283.393786924,70690.66133363452
