industry,capex_eur,annual_co2_avoided_tons,npv_eur,co2_tons_per_million_eur_capex
cement,13500000.0,18000.0,21551065.22705848,1333.3333333333333
steel_EAF,9000000.0,7800.0,5379924.195716299,866.6666666666666
industrial_kiln,1581000.0,1125.0,420377.3068109434,711.5749525616699
